{"min": [-0.828802, -0.578154, -0.243763], "max": [0.823869, 0.602326, 0.312046]}