{"min": [-0.269922, -0.325028, -0.920362], "max": [0.275672, 0.525008, 0.953633]}