{"min": [-0.534054, -0.827138, -0.430529], "max": [0.528702, 0.700574, 0.471766]}